{
  "hash": "95485d8a",
  "configHash": "31f85eb2",
  "lockfileHash": "91e942ab",
  "browserHash": "d7479dba",
  "optimized": {
    "@angular/common": {
      "src": "../../../../../node_modules/@angular/common/fesm2022/common.mjs",
      "file": "@angular_common.js",
      "fileHash": "ec7eb4e2",
      "needsInterop": false
    },
    "@angular/common/http": {
      "src": "../../../../../node_modules/@angular/common/fesm2022/http.mjs",
      "file": "@angular_common_http.js",
      "fileHash": "f22c7916",
      "needsInterop": false
    },
    "@angular/core": {
      "src": "../../../../../node_modules/@angular/core/fesm2022/core.mjs",
      "file": "@angular_core.js",
      "fileHash": "03b20476",
      "needsInterop": false
    },
    "@angular/forms": {
      "src": "../../../../../node_modules/@angular/forms/fesm2022/forms.mjs",
      "file": "@angular_forms.js",
      "fileHash": "2191c9c3",
      "needsInterop": false
    },
    "@angular/platform-browser": {
      "src": "../../../../../node_modules/@angular/platform-browser/fesm2022/platform-browser.mjs",
      "file": "@angular_platform-browser.js",
      "fileHash": "64ba3a25",
      "needsInterop": false
    },
    "@angular/platform-browser/animations/async": {
      "src": "../../../../../node_modules/@angular/platform-browser/fesm2022/animations/async.mjs",
      "file": "@angular_platform-browser_animations_async.js",
      "fileHash": "3bac3591",
      "needsInterop": false
    },
    "@angular/platform-server": {
      "src": "../../../../../node_modules/@angular/platform-server/fesm2022/platform-server.mjs",
      "file": "@angular_platform-server.js",
      "fileHash": "04fb89f3",
      "needsInterop": false
    },
    "@angular/router": {
      "src": "../../../../../node_modules/@angular/router/fesm2022/router.mjs",
      "file": "@angular_router.js",
      "fileHash": "056c391a",
      "needsInterop": false
    },
    "primeng/api": {
      "src": "../../../../../node_modules/primeng/fesm2022/primeng-api.mjs",
      "file": "primeng_api.js",
      "fileHash": "554923c4",
      "needsInterop": false
    },
    "primeng/multiselect": {
      "src": "../../../../../node_modules/primeng/fesm2022/primeng-multiselect.mjs",
      "file": "primeng_multiselect.js",
      "fileHash": "3786be14",
      "needsInterop": false
    },
    "primeng/table": {
      "src": "../../../../../node_modules/primeng/fesm2022/primeng-table.mjs",
      "file": "primeng_table.js",
      "fileHash": "1a399623",
      "needsInterop": false
    }
  },
  "chunks": {
    "browser-WKYDVYZC": {
      "file": "browser-WKYDVYZC.js"
    },
    "chunk-IC7T43PD": {
      "file": "chunk-IC7T43PD.js"
    },
    "xhr2-AQ42KH57": {
      "file": "xhr2-AQ42KH57.js"
    },
    "chunk-32ZH2GDL": {
      "file": "chunk-32ZH2GDL.js"
    },
    "chunk-JSJJBCXC": {
      "file": "chunk-JSJJBCXC.js"
    },
    "chunk-RH4Y6YA7": {
      "file": "chunk-RH4Y6YA7.js"
    },
    "chunk-VBGTZM5G": {
      "file": "chunk-VBGTZM5G.js"
    },
    "chunk-LNNFJBVY": {
      "file": "chunk-LNNFJBVY.js"
    },
    "chunk-3HNPX352": {
      "file": "chunk-3HNPX352.js"
    },
    "chunk-ADPK4N2K": {
      "file": "chunk-ADPK4N2K.js"
    },
    "chunk-OWLUMR7K": {
      "file": "chunk-OWLUMR7K.js"
    },
    "chunk-NQ4HTGF6": {
      "file": "chunk-NQ4HTGF6.js"
    }
  }
}