{
  "hash": "e148ab50",
  "configHash": "a2e53296",
  "lockfileHash": "91e942ab",
  "browserHash": "05528e1d",
  "optimized": {
    "@angular/common": {
      "src": "../../../../../node_modules/@angular/common/fesm2022/common.mjs",
      "file": "@angular_common.js",
      "fileHash": "890ea2d1",
      "needsInterop": false
    },
    "@angular/common/http": {
      "src": "../../../../../node_modules/@angular/common/fesm2022/http.mjs",
      "file": "@angular_common_http.js",
      "fileHash": "141223af",
      "needsInterop": false
    },
    "@angular/core": {
      "src": "../../../../../node_modules/@angular/core/fesm2022/core.mjs",
      "file": "@angular_core.js",
      "fileHash": "be3616d0",
      "needsInterop": false
    },
    "@angular/platform-browser": {
      "src": "../../../../../node_modules/@angular/platform-browser/fesm2022/platform-browser.mjs",
      "file": "@angular_platform-browser.js",
      "fileHash": "597404bf",
      "needsInterop": false
    },
    "@angular/platform-browser/animations/async": {
      "src": "../../../../../node_modules/@angular/platform-browser/fesm2022/animations/async.mjs",
      "file": "@angular_platform-browser_animations_async.js",
      "fileHash": "b5f4db62",
      "needsInterop": false
    },
    "@angular/router": {
      "src": "../../../../../node_modules/@angular/router/fesm2022/router.mjs",
      "file": "@angular_router.js",
      "fileHash": "d91b1928",
      "needsInterop": false
    },
    "primeng/api": {
      "src": "../../../../../node_modules/primeng/fesm2022/primeng-api.mjs",
      "file": "primeng_api.js",
      "fileHash": "f0d5dec2",
      "needsInterop": false
    },
    "primeng/multiselect": {
      "src": "../../../../../node_modules/primeng/fesm2022/primeng-multiselect.mjs",
      "file": "primeng_multiselect.js",
      "fileHash": "59072c37",
      "needsInterop": false
    },
    "primeng/table": {
      "src": "../../../../../node_modules/primeng/fesm2022/primeng-table.mjs",
      "file": "primeng_table.js",
      "fileHash": "1a67d615",
      "needsInterop": false
    },
    "@angular/forms": {
      "src": "../../../../../node_modules/@angular/forms/fesm2022/forms.mjs",
      "file": "@angular_forms.js",
      "fileHash": "d1344f1a",
      "needsInterop": false
    }
  },
  "chunks": {
    "browser-6DAAYB2N": {
      "file": "browser-6DAAYB2N.js"
    },
    "chunk-LWAD75AV": {
      "file": "chunk-LWAD75AV.js"
    },
    "chunk-YHXCJFST": {
      "file": "chunk-YHXCJFST.js"
    },
    "chunk-TTY34RUU": {
      "file": "chunk-TTY34RUU.js"
    },
    "chunk-ZE3YX4G7": {
      "file": "chunk-ZE3YX4G7.js"
    },
    "chunk-PDBFWI36": {
      "file": "chunk-PDBFWI36.js"
    },
    "chunk-CZRFH6ET": {
      "file": "chunk-CZRFH6ET.js"
    },
    "chunk-EHKEF6MU": {
      "file": "chunk-EHKEF6MU.js"
    },
    "chunk-ZBGORDRQ": {
      "file": "chunk-ZBGORDRQ.js"
    }
  }
}